Temperature,CO2,Sea Level
1.0,0.933707781130588,0.8835796224552231
0.933707781130588,1.0,0.9735963159126722
0.8835796224552231,0.9735963159126722,1.0
